<?xml version="1.0" encoding="UTF-8"?>
<!DOCTYPE mapper
    PUBLIC "-//mybatis.org//DTD Mapper 3.0//EN"
    "http://mybatis.org/dtd/mybatis-3-mapper.dtd">
<mapper namespace="Review">
	<resultMap type="Review" id="ReviewResult">
		<result column="rv_no" 		property="rv_no"/>
		<result column="rv_name" 	property="rv_name"/>
		<result column="rv_content" property="rv_content"/>
		<result column="rv_status"  property="rv_status"/>
		<result column="rv_hit" 	property="rv_hit"/>
		<result column="u_id" 		property="u_id"/>
		<result column="r_no" 		property="r_no"/>
		<result column="bf_name" 	property="bf_name"/>
		<result column="u_nickname" property="u_nickname"/>
		<result column="likecnt" 	property="likecnt"/>
		<result column="likeno" 		property="likeno"/>
	</resultMap>
	
	<select id="review_list" resultMap="ReviewResult" parameterType="Review">
	
		<if test="schItem=='' or schItem==null">
			SELECT * FROM (SELECT ROWNUM RN, A.*
                    FROM( SELECT R.*,u.u_nickname, (SELECT COUNT(*) FROM RvLikes WHERE RV_NO =R.rv_no) LIKECNT 
                            FROM ReviewBoard R, USERS U WHERE U.U_ID=R.U_ID AND rv_status=1 ORDER BY rv_date DESC )A) 
            WHERE RN BETWEEN #{startRow} AND #{endRow}
        </if>  
        <if test="schItem=='all'">
        	SELECT * FROM (SELECT ROWNUM RN, A.*
                    FROM( SELECT R.*,u.u_nickname, (SELECT COUNT(*) FROM RvLikes WHERE RV_NO =R.rv_no) LIKECNT 
                            FROM ReviewBoard R, USERS U WHERE U.U_ID=R.U_ID AND rv_status=1 AND (u.u_nickname LIKE '%'||#{schWord}||'%' OR  rv_name LIKE '%'||#{schWord}||'%' ) ORDER BY rv_date DESC )A) 
           WHERE RN BETWEEN #{startRow} AND #{endRow}
        </if>
        <if test="schItem=='u_nickname'">
        	SELECT * FROM (SELECT ROWNUM RN, A.*
                    FROM( SELECT R.*,u.u_nickname, (SELECT COUNT(*) FROM RvLikes WHERE RV_NO =R.rv_no) LIKECNT 
                            FROM ReviewBoard R, USERS U WHERE U.U_ID=R.U_ID AND rv_status=1 AND u.u_nickname LIKE '%'||#{schWord}||'%' ORDER BY rv_date DESC )A) 
            WHERE RN BETWEEN #{startRow} AND #{endRow}
        </if>
        <if test="schItem=='rv_name'">
        	SELECT * FROM (SELECT ROWNUM RN, A.*
                    FROM( SELECT R.*,u.u_nickname,  (SELECT COUNT(*) FROM RvLikes WHERE RV_NO =R.rv_no) LIKECNT 
                            FROM ReviewBoard R , USERS U WHERE U.U_ID=R.U_ID AND rv_status=1 AND rv_name LIKE '%'||#{schWord}||'%' ORDER BY rv_date DESC )A) 
           WHERE RN BETWEEN #{startRow} AND #{endRow}
        </if>
	</select>
	
	<select id="review_cnt" resultType="int" >
		
		<if test="schItem=='' or schItem==null">
			SELECT COUNT(*) FROM ReviewBoard WHERE rv_status=1
		</if>
		<if test="schItem=='all'">
			SELECT COUNT(*) FROM ReviewBoard R, USERS U WHERE U.U_ID=R.U_ID and rv_status=1 AND  (u.u_nickname LIKE '%'||#{schWord}||'%' OR  rv_name LIKE '%'||#{schWord}||'%' )
		</if>
		<if test="schItem=='u_nickname'">
			SELECT COUNT(*) FROM ReviewBoard R, USERS U WHERE U.U_ID=R.U_ID and rv_status=1 AND u.u_nickname LIKE '%'||#{schWord}||'%'
		</if>
		<if test="schItem=='rv_name'">
			SELECT COUNT(*) FROM ReviewBoard WHERE rv_status=1 AND rv_name LIKE '%'||#{schWord}||'%'
		</if>
		
	</select>
	
	<insert id="review_write" parameterType="Review">
		INSERT INTO ReviewBoard (rv_no, rv_name, rv_content, rv_status, rv_hit, u_id, r_No) 
    		VALUES (RV_NO_SQ.NEXTVAL, #{rv_name}, #{rv_content}, 1, 0, #{u_id}, #{r_no})
	</insert>
	
	<update id="review_hitup" parameterType="int">
		UPDATE ReviewBoard SET rv_hit=rv_hit+1 
                   WHERE rv_no=#{rv_no}
	</update>
	
	<update id="review_modify" parameterType="Review">
		UPDATE ReviewBoard SET 
                rv_name= #{rv_name},
                rv_content= #{rv_content}
                WHERE rv_no= #{rv_no}
	</update>
	
	<select id="review_detail" resultMap="ReviewResult" parameterType="int">
		SELECT R.*,U.U_NICKNAME,
      		(SELECT COUNT(*) FROM RvLikes WHERE RV_NO =R.rv_no) LIKECNT 
      	  FROM ReviewBoard R, USERS U WHERE R.U_ID=U.U_ID AND rv_no= #{rv_no}
	</select>
	
	<update id="review_delete" parameterType="int">
		UPDATE ReviewBoard SET 
                rv_status= 0
                WHERE rv_no= #{rv_no}
	</update>
	
	
	<insert id="rvlike_Insert" parameterType="Review">
		INSERT INTO RvLikes (LIKENO, RV_NO, U_ID) 
    		VALUES (RV_LIKENO_SQ.NEXTVAL, #{rv_no}, #{u_id})
	</insert>
	<delete id="rvlike_Delete" parameterType="int">
		DELETE FROM RvLikes WHERE LIKENO=#{likeno}
	</delete>
	<select id="rvlike_Chk" parameterType="Review" resultMap="ReviewResult">
		SELECT * FROM RvLikes WHERE U_ID=#{u_id} AND RV_NO=#{rv_no}
	</select>
	
	
</mapper>