<?xml version="1.0" encoding="UTF-8"?>
<!DOCTYPE mapper
    PUBLIC "-//mybatis.org//DTD Mapper 3.0//EN"
    "http://mybatis.org/dtd/mybatis-3-mapper.dtd">
<mapper namespace="SbComment">
	<select id="get_sc" parameterType="int" resultType="SbComment">
		SELECT SC.*, U_NAME, U_IMAGE 
		FROM SB_COMMENT SC, USERS U 
		WHERE C_STATUS > 0 AND SC_NO = #{sc_no} AND SC.U_ID = U.U_ID
	</select>
	<select id="list_sc" parameterType="SbComment" resultType="SbComment">
		SELECT * 
		FROM (SELECT ROWNUM RN, A.* 
		FROM (SELECT SC.*, U.U_NAME, U.U_IMAGE FROM SB_COMMENT SC, USERS U
		WHERE C_STATUS > 0 AND SG_NO = #{sg_no} ORDER BY C_RDATE DESC) A)
	</select>
	<select id="cnt_sc" parameterType="int" resultType="int">
		SELECT COUNT(*) 
		FROM SB_COMMENT 
		WHERE SB_NO = #{sb_no} AND C_STATUS > 0
	</select>
	<update id="modify_sc" parameterType="SbComment">
		UPDATE SB_COMMENT 
		SET C_CONTENT = #{c_content}, C_RDATE = SYSTIMESTAMP 
		WHERE SC_NO = #{sc_no}
	</update>
	<update id="delete_sc" parameterType="int">
		UPDATE SB_COMMENT SET C_STATUS = 0 
		WHERE SC_NO = #{sc_no}
	</update>
	
</mapper>